SET check_function_bodies = false;
COPY public.user_info (id, nickname, secret_setting_test, name) FROM stdin;
auth0|0123456789	jdoe	\N	\N
google-oauth2|111726107153433620316	hevans9000	\N	\N
auth0|614353b92061c800688c4787	harrison.evans	\N	\N
google-oauth2|117730040213998121361	 mechaknightz	kkona	\N
google-oauth2|116740861908042040350	tristandickson	\N	\N
google-oauth2|117491807978738925967	anaclarapsa	\N	\N
google-oauth2|111033105090574725873	nielsenjj15	\N	\N
google-oauth2|105662299144030878560	edcoleridgesmith	\N	\N
google-oauth2|116894799532766287843	siobhan	\N	\N
google-oauth2|114953238551938917346	blyth526	\N	\N
auth0|6147ca5844672c00694d2039	incelium	\N	incelium@incel.com
auth0|6149a088a9eb600071fd2934	robert.i.taylor88	\N	robert.i.taylor88@gmail.com
google-oauth2|117413523180335865838	christhecampbell	\N	Chris Campbell
\.
COPY public.chat_messages (id, message, poster_id, "timestamp") FROM stdin;
977d8a75-a91d-424b-99c6-488fde846fc1	hello test	google-oauth2|111726107153433620316	2021-09-16 21:28:54.406812
149c41c1-6efb-4518-81d2-cb5739f32926	test message 2	google-oauth2|111726107153433620316	2021-09-16 21:29:03.167817
b849ed9c-3409-480d-8a25-fc52932c29a6	test	google-oauth2|117730040213998121361	2021-09-16 21:53:44.884755
01f3991e-57dc-4308-b192-d4a271ccbf0c	we have a functioning chat poggers	google-oauth2|117730040213998121361	2021-09-16 21:53:58.490419
bf3ea088-2f2e-4c80-874b-7008ea636c61	5	google-oauth2|117730040213998121361	2021-09-16 21:54:28.389944
07ee61ab-4a75-4573-91ec-79ef3234ff5c	s	google-oauth2|117730040213998121361	2021-09-16 21:56:48.604486
76b16154-9a64-423f-8e9d-0cbc8481d0f0	e	google-oauth2|117730040213998121361	2021-09-16 21:56:49.123987
a70e4691-0217-43c0-8e7e-9256c353c73b	t	google-oauth2|117730040213998121361	2021-09-16 21:56:49.138664
53110cdb-e257-48e2-ad28-74c7eba932e4	t	google-oauth2|117730040213998121361	2021-09-16 21:56:49.24282
8be89c0d-5297-45ca-9233-fbe954ecc23e	test	google-oauth2|117730040213998121361	2021-09-16 21:57:05.550587
ecd179bc-5245-4d8a-87eb-08d6cdf339ea	omeglandlol	google-oauth2|117730040213998121361	2021-09-16 21:57:10.454989
cfd22331-f3fc-4959-82bd-1e20e408ec6b	is this 10 messages	google-oauth2|117730040213998121361	2021-09-16 21:57:14.038148
73d5595a-5676-4ee2-9d6a-9dc48459a6b8	eeeeeeeeee	google-oauth2|117730040213998121361	2021-09-16 21:57:42.391815
e1fc414d-9051-4c31-bb08-4d0f7c9b2be8	eeeee	google-oauth2|117730040213998121361	2021-09-16 21:57:52.633015
52b7382f-ae40-4d64-8073-49e8bc3d117b	whycant i send messages	google-oauth2|117730040213998121361	2021-09-16 21:59:07.190794
9c7da7a1-2364-462b-b1e2-01a3ed662958	test	google-oauth2|117730040213998121361	2021-09-16 22:03:43.538097
41fe9a01-e55a-40c4-bb06-f5bae9e9d3c2	test2	google-oauth2|117730040213998121361	2021-09-16 22:03:50.151436
0f105511-0ee8-47aa-b978-e6003056a494	latest	google-oauth2|117730040213998121361	2021-09-16 22:05:27.382172
18e9f4a7-621d-46f8-9ab3-022074faa5e7	new message	google-oauth2|117730040213998121361	2021-09-16 22:21:46.427505
842e09da-ada9-415c-abad-1b3d08d7c31b	new message 2	google-oauth2|117730040213998121361	2021-09-16 22:21:52.643175
c4399672-c610-422c-a87a-d988b54814cf	lul	google-oauth2|111726107153433620316	2021-09-17 09:22:09.314072
2b9ae874-bae4-4f8b-8329-24c5689e012c	69. Nice.	google-oauth2|116740861908042040350	2021-09-17 10:23:49.718187
97701f85-ec5c-47c3-b25a-6c41d46752c9	elegiggle	google-oauth2|111726107153433620316	2021-09-17 10:24:39.092518
cfee3128-84f3-4723-b4c8-bcf73e6d9ec2	hello	google-oauth2|117730040213998121361	2021-09-17 10:29:53.187112
677fd157-2a3d-4d08-b10f-ed31002d2709	we need to work on those triggers to set up shitstrain a point counter when he logs in	google-oauth2|111726107153433620316	2021-09-17 10:33:39.568191
2e48a63d-d7a1-42a0-8267-3d1bad927186	hey	google-oauth2|117491807978738925967	2021-09-17 11:12:02.974381
25dc639f-3a86-4909-a329-2c33533536d2	who the fuck is anaclarapsa	google-oauth2|117730040213998121361	2021-09-17 12:40:30.407286
a39a4819-b59f-412b-bdf8-53507267a508	some random brazilian chick	google-oauth2|111726107153433620316	2021-09-17 12:40:42.725624
59ce31ee-b686-4b11-a4bf-eb19aa86ae20	oh right i just realised	google-oauth2|117730040213998121361	2021-09-17 12:40:47.018588
4e0403e4-fc34-4384-9ca4-68ed9bc0b8ca	ana	google-oauth2|117730040213998121361	2021-09-17 12:40:55.074092
2b4894c3-413f-4c79-9929-4c382b4e91cc	ana clara porto de salles abreu	google-oauth2|111726107153433620316	2021-09-17 12:41:03.003584
1082b7b0-ef01-4ed5-84e9-994953ff23ec	wtf	google-oauth2|117730040213998121361	2021-09-17 12:41:41.221483
6aabde80-981d-4344-b006-d8f4abbe893d	hello	google-oauth2|111033105090574725873	2021-09-17 13:50:12.419675
93c26253-ce01-4da0-99c9-d2fe06e786fe	sup	google-oauth2|111726107153433620316	2021-09-17 13:50:35.714241
98df7311-94c0-4da5-a1f8-aba2ad3a9069	ray is an incel	google-oauth2|117730040213998121361	2021-09-17 17:12:04.931003
df9c3b97-9daa-4d4c-ac35-40f9403d24f2	AYE up	google-oauth2|114953238551938917346	2021-09-17 18:19:50.853402
a4427644-fc04-4cdd-a5f2-7b504b773905	bitch	google-oauth2|111726107153433620316	2021-09-17 18:20:26.880284
758f257b-a2cc-415f-96f9-f0d0e92c589c	tristan = incel confirmed	google-oauth2|117730040213998121361	2021-09-19 19:51:31.118443
17864e90-b1c3-4c5c-bf9a-cd9d5ad05255	mald	google-oauth2|111726107153433620316	2021-09-19 20:58:00.084206
d1d075c8-7afd-4cf7-88f4-29f5454c15fb	asd	google-oauth2|111726107153433620316	2021-09-19 20:58:19.849348
fe47efc1-be20-4ceb-accc-b1412817d5be	sup bitches	auth0|6147ca5844672c00694d2039	2021-09-19 23:40:20.614067
cd7c48fe-20cd-44a4-b150-edda38de58b4	eeeeee	google-oauth2|111726107153433620316	2021-09-20 14:55:57.932137
b0a0d808-54e2-46f5-af82-f86003ee5c9a	more messages	google-oauth2|111726107153433620316	2021-09-20 16:36:27.492858
56ed13e0-465e-43f6-a33f-d3b5267e9ce2	we need more	google-oauth2|111726107153433620316	2021-09-20 16:36:27.734649
73d0e5f6-1aeb-4868-a195-7f434d893214	and more	google-oauth2|111726107153433620316	2021-09-20 16:36:28.919197
f2e7d52e-78fc-4f2d-b778-4fbec3e03e08	MORE	google-oauth2|111726107153433620316	2021-09-20 16:37:03.235881
a61ce6b6-7762-4e50-9095-0e1919b8a749	MORE	google-oauth2|111726107153433620316	2021-09-20 16:37:02.344278
8391bb85-f815-495d-a0d9-d213c4893eb9	MORE	google-oauth2|111726107153433620316	2021-09-20 16:37:04.600609
c8cbe2bb-d5eb-434c-bbb1-5287674fa18f	THIS IS A VERY LONG CAPITALISED ONE THAT IS VERY VERY VERY LONG	google-oauth2|111726107153433620316	2021-09-20 16:37:53.006384
af0c89ea-d0d1-45aa-bf56-e2532789cb44	n	google-oauth2|111726107153433620316	2021-09-20 16:58:06.822307
b3318ab5-9aee-41c9-ad0d-22213fd9b874	this is new	google-oauth2|111726107153433620316	2021-09-20 16:58:18.405502
514cdfe2-1434-4e5d-8251-3db6d4587725	and this	google-oauth2|111726107153433620316	2021-09-20 16:58:54.919582
bade76c6-3720-41a6-8d3c-cf610ccfda28	another one 	google-oauth2|111726107153433620316	2021-09-20 16:59:01.446753
341f4973-2894-4a50-8b31-b6279e906226	new	google-oauth2|111726107153433620316	2021-09-20 17:16:19.553457
37f31db6-af84-4ea2-88aa-e88967e56f07	new one	google-oauth2|111726107153433620316	2021-09-20 17:21:41.531917
476b3fa2-a96d-4549-a665-8085241d71bd	new message	google-oauth2|111726107153433620316	2021-09-20 17:21:58.93554
e8acecc9-e2c1-4884-916f-731198a978df	shut the fuck up new one	auth0|6147ca5844672c00694d2039	2021-09-20 17:52:30.456483
726a34a1-b387-4eef-bb78-9cf041371248	think I made the chat colour too saturated lol	google-oauth2|111726107153433620316	2021-09-20 19:09:07.857886
eb0b617b-a9dd-4123-baa3-e494607d4451	maeldor idle	google-oauth2|111726107153433620316	2021-09-20 20:42:24.279747
ac8fc0eb-0005-4b75-bcdd-55cb6763238a	ooooh galaxy	auth0|6149a088a9eb600071fd2934	2021-09-21 09:08:25.788715
9f3f9f5b-69e4-4c05-bbef-fcccc308d070	indeed	google-oauth2|111726107153433620316	2021-09-21 12:32:58.640359
4bf725b8-348a-431b-9719-a4c4476ef553	asd	google-oauth2|111726107153433620316	2021-09-21 14:44:17.825187
34e63177-a78b-4d4d-8a9d-912e493b05b0	shiny	google-oauth2|117413523180335865838	2021-09-21 17:26:40.739137
\.
COPY public.galaxy (id, name) FROM stdin;
\.
COPY public.cluster (id, galaxy_id, name) FROM stdin;
\.
COPY public.idle_test (id, counter, owner_id) FROM stdin;
c886edde-acdc-4400-b426-ac4ad4b84af6	3213213	google-oauth2|117730040213998121361
b89a46a1-031d-4e76-97e1-636e56e4c7d2	3123	auth0|0123456789
c7093e7c-4930-457d-be09-c8b57b485a3d	690000	google-oauth2|111726107153433620316
11865265-f572-48d0-add8-78dedce89e6e	10	google-oauth2|116740861908042040350
cbc7994e-35fb-413b-b6ad-e097bd4db7b9	69	google-oauth2|114953238551938917346
\.
COPY public.system (id, cluster_id, name) FROM stdin;
\.
